{
    "next.reward": {
        "min": [
            0.0
        ],
        "max": [
            0.0
        ],
        "mean": [
            0.0
        ],
        "std": [
            0.0
        ],
        "count": [
            1998
        ],
        "q01": [
            3.9995784462121265e-16
        ],
        "q10": [
            3.999578446212126e-15
        ],
        "q50": [
            1.9997892231060632e-14
        ],
        "q90": [
            3.599620601590914e-14
        ],
        "q99": [
            3.959582661750005e-14
        ]
    },
    "next.done": {
        "min": [
            false
        ],
        "max": [
            true
        ],
        "mean": [
            0.001001001001001001
        ],
        "std": [
            0.03162276075862125
        ],
        "count": [
            1998
        ],
        "q01": [
            -1e-10
        ],
        "q10": [
            -1e-10
        ],
        "q50": [
            -1e-10
        ],
        "q90": [
            -1e-10
        ],
        "q99": [
            -1e-10
        ]
    },
    "complementary_info.discrete_penalty": {
        "min": [
            0.0
        ],
        "max": [
            0.0
        ],
        "mean": [
            0.0
        ],
        "std": [
            0.0
        ],
        "count": [
            1998
        ],
        "q01": [
            3.9995784462121265e-16
        ],
        "q10": [
            3.999578446212126e-15
        ],
        "q50": [
            1.9997892231060632e-14
        ],
        "q90": [
            3.599620601590914e-14
        ],
        "q99": [
            3.959582661750005e-14
        ]
    },
    "frame_index": {
        "min": [
            0
        ],
        "max": [
            998
        ],
        "mean": [
            499.0
        ],
        "std": [
            288.3863149781326
        ],
        "count": [
            1998
        ],
        "q01": [
            9.179603999901842
        ],
        "q10": [
            98.98163999991985
        ],
        "q50": [
            498.90020000000004
        ],
        "q90": [
            899.0183600000802
        ],
        "q99": [
            988.8203960000982
        ]
    },
    "observation.state": {
        "min": [
            -0.8754571676254272,
            0.0,
            -0.8074765801429749,
            -1.7449976205825806,
            -0.9832137823104858,
            -0.01005309633910656,
            0.0004900000058114529
        ],
        "max": [
            1.9967089891433716,
            0.951099693775177,
            0.0,
            0.013072515837848186,
            1.2200026512145996,
            2.094395160675049,
            0.06790000200271606
        ],
        "mean": [
            0.284722238779068,
            0.24103818833827972,
            -0.15295180678367615,
            -0.7878748774528503,
            0.18963375687599182,
            0.9427758455276489,
            0.024199162900913507
        ],
        "std": [
            0.6627193299197109,
            0.30135903130195296,
            0.19851540367275192,
            0.8612804969803632,
            0.5678818953897325,
            1.0332423669236102,
            0.02871998706877771
        ],
        "count": [
            1998
        ],
        "q01": [
            -0.4041271024942396,
            -4.9999800688649285e-11,
            -0.3974407938122747,
            -0.8724988102912901,
            -0.45922180801629997,
            -0.00017047420662438776,
            0.0006963336004022228
        ],
        "q10": [
            -0.30018054842948716,
            0.00950148580596051,
            -0.2606925650917231,
            -0.8724988102912883,
            -0.3730958789587001,
            0.4905500054359456,
            0.0007002800801956911
        ],
        "q50": [
            0.2434774339199166,
            0.25529002398253486,
            -0.14928223192690804,
            -0.8722434597355879,
            0.1862126886844735,
            1.0470730578306264,
            0.030131996485579293
        ],
        "q90": [
            0.821744978427905,
            0.4682763300836266,
            -0.03309845924375642,
            -0.4846509426832019,
            0.6098407278530968,
            1.0471726758361608,
            0.030838877675770933
        ],
        "q99": [
            0.9756673085689742,
            0.4755085407521612,
            -1.792301743465212e-05,
            2.1301209946403112e-05,
            0.6099852658318975,
            1.0471950898874063,
            0.034332213129487955
        ]
    },
    "index": {
        "min": [
            0
        ],
        "max": [
            1997
        ],
        "mean": [
            998.5
        ],
        "std": [
            576.7728466794068
        ],
        "count": [
            1998
        ],
        "q01": [
            508.6796039999019
        ],
        "q10": [
            598.4816399999197
        ],
        "q50": [
            998.5
        ],
        "q90": [
            1398.5183600000803
        ],
        "q99": [
            1488.3203960000983
        ]
    },
    "observation.images.front": {
        "min": [
            [
                [
                    0.2823529411764706
                ]
            ],
            [
                [
                    0.2823529411764706
                ]
            ],
            [
                [
                    0.2823529411764706
                ]
            ]
        ],
        "max": [
            [
                [
                    0.5450980392156862
                ]
            ],
            [
                [
                    0.5450980392156862
                ]
            ],
            [
                [
                    0.5450980392156862
                ]
            ]
        ],
        "mean": [
            [
                [
                    0.46140063357561856
                ]
            ],
            [
                [
                    0.46140063357561856
                ]
            ],
            [
                [
                    0.46140063357561856
                ]
            ]
        ],
        "std": [
            [
                [
                    0.019186412523497204
                ]
            ],
            [
                [
                    0.019186412523497204
                ]
            ],
            [
                [
                    0.019186412523497204
                ]
            ]
        ],
        "count": [
            354
        ],
        "q01": [
            [
                [
                    0.36078747369874187
                ]
            ],
            [
                [
                    0.36078747369874187
                ]
            ],
            [
                [
                    0.36078747369874187
                ]
            ]
        ],
        "q10": [
            [
                [
                    0.40390649526011785
                ]
            ],
            [
                [
                    0.40390649526011785
                ]
            ],
            [
                [
                    0.40390649526011785
                ]
            ]
        ],
        "q50": [
            [
                [
                    0.47840526182581306
                ]
            ],
            [
                [
                    0.47840526182581306
                ]
            ],
            [
                [
                    0.47840526182581306
                ]
            ]
        ],
        "q90": [
            [
                [
                    0.5019513295987621
                ]
            ],
            [
                [
                    0.5019513295987621
                ]
            ],
            [
                [
                    0.5019513295987621
                ]
            ]
        ],